filename,labels
0043d5a4__9f932ee4-32.jpg,andy_bernard;angela_martin;darryl_philbin;erin_hannon;kevin_malone;meredith_palmer;others;phyllis_vance;stanley_hudson;toby_flenderson
00c9c7b8__a302e222-1.jpg,pam_beesly
0111d24a__aac90be8-146.jpg,phyllis_vance
011ca559__119bb670-8.jpg,jim_halpert;others;pam_beesly
01d257dc__498f7ece-207.jpg,phyllis_vance
01df5ba0__ec1b3a2d-269.jpg,dwight_schrute
040223b8__ad76dde4-208.jpg,pam_beesly
0458121d__c12fa39f-457.jpg,michael_scott;others
04642220__026523c8-295.jpg,dwight_schrute
05b3cc6d__09e0a814-88.jpg,creed_bratton;kevin_malone;others
064e0b80__62aa23fb-124.jpg,kevin_malone;oscar_martinez
06d01fd1__32f2e1e8-354.jpg,angela_martin
08bbc6a8__60a03d2f-349.jpg,others;phyllis_vance;stanley_hudson
08d41431__cb855027-127.jpg,angela_martin
0a2494dd__0490a47a-364.jpg,andy_bernard
0a2d4895__0606b8a8-286.jpg,kelly_kapoor;pam_beesly;ryan_howard
0b90b831__d9e10949-298.jpg,erin_hannon
0c2b828c__317dd64c-122.jpg,meredith_palmer
0ccc8cc8__d2f054ab-279.jpg,angela_martin;erin_hannon;meredith_palmer;others
0d33a36e__930a793b-469.jpg,nellie_bertram
0f4046fb__4ff7af88-330.jpg,phyllis_vance
0fd5a523__b8868462-382.jpg,kevin_malone;oscar_martinez
10539be3__dda1abdf-103.jpg,creed_bratton;jim_halpert;kevin_malone
1061eb36__16a98094-338.jpg,angela_martin;jim_halpert;pam_beesly
109e8b55__a6d8bddb-154.jpg,angela_martin;creed_bratton;oscar_martinez;others;pam_beesly;stanley_hudson
1117945d__8eb46cf9-346.jpg,angela_martin;creed_bratton;darryl_philbin;dwight_schrute;nellie_bertram;others;pam_beesly;stanley_hudson
1121a8d2__24d95629-188.jpg,angela_martin;kevin_malone
119fff68__98ee78a4-101.jpg,meredith_palmer;michael_scott;pam_beesly;phyllis_vance;toby_flenderson
11d2c78c__d232b083-342.jpg,michael_scott;phyllis_vance
12212a49__c532f297-265.jpg,meredith_palmer
1244b537__1bdd2c3e-394.jpg,jim_halpert
12c54fa5__0831cf6c-238.jpg,others;toby_flenderson
12f81bf3__281aa361-74.jpg,creed_bratton
13c3b299__eeb57c12-175.jpg,others;phyllis_vance
1499b81e__0f6d30bb-418.jpg,stanley_hudson
17e7c7f9__fb541b79-114.jpg,andy_bernard
1a7c0599__05ad9422-477.jpg,darryl_philbin;dwight_schrute;nellie_bertram
1a8f8761__135834df-20.jpg,creed_bratton;dwight_schrute;jim_halpert;kelly_kapoor;kevin_malone;meredith_palmer;michael_scott;others;pam_beesly;phyllis_vance;ryan_howard;stanley_hudson;toby_flenderson
1c3a31eb__803f06a2-233.jpg,others;phyllis_vance;ryan_howard;stanley_hudson
1c7d148f__250d26b1-147.jpg,dwight_schrute;stanley_hudson
1d5969d6__2ed0ec76-400.jpg,dwight_schrute;stanley_hudson
1d68b8fc__6b2e2038-144.jpg,dwight_schrute
1d7852a0__5bdfc859-219.jpg,andy_bernard
1d9bc10d__e04ff5b6-318.jpg,dwight_schrute;jim_halpert;pam_beesly
1dc7f0e6__3f7c0c0b-406.jpg,stanley_hudson
1e475074__f26dae3f-148.jpg,andy_bernard;jim_halpert
1ecd18de__f13bd0a7-56.jpg,angela_martin;creed_bratton;jim_halpert;pam_beesly;phyllis_vance
1f5ca8b8__b0a821dc-106.jpg,andy_bernard
208c4fea__f8aed6f3-194.jpg,stanley_hudson
20c798ce__6e95224d-385.jpg,angela_martin;creed_bratton;jim_halpert;kevin_malone;meredith_palmer;oscar_martinez;pam_beesly
2120da5c__26868607-209.jpg,toby_flenderson
2129a247__d043d1b0-288.jpg,angela_martin;darryl_philbin;dwight_schrute;oscar_martinez
21628c73__f319e2f9-84.jpg,andy_bernard;angela_martin;jim_halpert;kelly_kapoor;kevin_malone;michael_scott;oscar_martinez;pam_beesly;phyllis_vance;stanley_hudson
21a2059a__13a4e891-410.jpg,dwight_schrute;pam_beesly;phyllis_vance;stanley_hudson
21b189d7__037f5f3c-471.jpg,darryl_philbin;nellie_bertram;stanley_hudson
21c119ed__8c8d37b1-98.jpg,dwight_schrute
21dff262__73a9fc25-497.jpg,andy_bernard;angela_martin;dwight_schrute;erin_hannon;kevin_malone;oscar_martinez;phyllis_vance
221d8223__41923266-157.jpg,angela_martin;creed_bratton;meredith_palmer;oscar_martinez;others;pam_beesly;stanley_hudson
2362bd55__3ecde492-371.jpg,angela_martin;oscar_martinez
23c287c9__b8c42906-126.jpg,andy_bernard
23ecd2c6__fd0b8ee1-10.jpg,creed_bratton;darryl_philbin;erin_hannon;oscar_martinez
241361a6__bf74c2fb-43.jpg,kevin_malone
246ed369__c9a28ca1-436.jpg,dwight_schrute;jim_halpert;kevin_malone;oscar_martinez;phyllis_vance
24b84848__b6e1695b-380.jpg,kevin_malone;oscar_martinez
24d03607__3dbf1b3c-35.jpg,jim_halpert;michael_scott;pam_beesly
250119ac__feff2f15-152.jpg,dwight_schrute;pam_beesly;phyllis_vance
2534b809__0c372d99-58.jpg,darryl_philbin;michael_scott
25ac30c0__905553a7-42.jpg,stanley_hudson
25e45237__0c033ffa-283.jpg,erin_hannon
26404100__c5fc0cac-290.jpg,erin_hannon
26b9cb29__41046553-242.jpg,kevin_malone
276bcf23__1ff5feef-499.jpg,andy_bernard;angela_martin;creed_bratton;dwight_schrute;erin_hannon;jim_halpert;kelly_kapoor;kevin_malone;meredith_palmer;michael_scott;oscar_martinez;others;pam_beesly;phyllis_vance;ryan_howard;stanley_hudson
27ecef52__182e8d3f-306.jpg,erin_hannon
282b99e9__1500791e-407.jpg,stanley_hudson
28ee0aca__6ed47f0a-270.jpg,kevin_malone
2ae34c36__ce032b0f-427.jpg,ryan_howard
2ae5b6b7__b65da649-310.jpg,erin_hannon
2c83d4d8__a850cbef-369.jpg,phyllis_vance
2cb58737__01312be7-89.jpg,pam_beesly
2f31d49a__86330b84-162.jpg,kevin_malone;oscar_martinez;others;toby_flenderson
2f5c3cd5__0f03177c-214.jpg,kevin_malone
2fc82928__05c2da14-403.jpg,dwight_schrute
2fde6ea5__f25770d9-201.jpg,toby_flenderson
304979d3__879bb1ab-218.jpg,creed_bratton;meredith_palmer;oscar_martinez;stanley_hudson
30a858bc__56def193-421.jpg,stanley_hudson
30d23c22__7f6b6c79-99.jpg,creed_bratton;dwight_schrute
32003eee__8e3103c4-366.jpg,angela_martin
3255740e__226c0f17-440.jpg,michael_scott
325e6207__f49729c7-260.jpg,darryl_philbin;toby_flenderson
32b4ae4f__39cdb49a-490.jpg,erin_hannon
32cd2cf0__dfe16c00-485.jpg,andy_bernard;angela_martin;creed_bratton;darryl_philbin;dwight_schrute;erin_hannon;jim_halpert;kevin_malone;meredith_palmer;nellie_bertram;oscar_martinez;others;pam_beesly;phyllis_vance;stanley_hudson;toby_flenderson
3368fd87__d7cfd2cf-211.jpg,toby_flenderson
3372cc0b__4dd6ddfb-198.jpg,toby_flenderson
3442af9e__90b1dee4-431.jpg,angela_martin;oscar_martinez
34d51ba0__9393ffdc-467.jpg,nellie_bertram
35403f8d__64a75530-203.jpg,toby_flenderson
366c608f__04aaae69-368.jpg,others;phyllis_vance
36d44cb9__fe6b1a5c-253.jpg,dwight_schrute
3719f547__aa3f4d7a-2.jpg,jim_halpert;pam_beesly
3731b087__6be5cd80-204.jpg,kevin_malone;pam_beesly;toby_flenderson
3788d17d__cab9d01b-426.jpg,ryan_howard;stanley_hudson
38a3cf08__000cae81-308.jpg,andy_bernard;creed_bratton;darryl_philbin;meredith_palmer;oscar_martinez
38c70b80__b8228f4c-51.jpg,michael_scott;ryan_howard
38e3c5b1__6a9ec61d-329.jpg,meredith_palmer;pam_beesly
391f88a1__77d61d11-271.jpg,pam_beesly;stanley_hudson
3bd48b25__3956bdab-291.jpg,erin_hannon
3beba705__2c9d71a3-481.jpg,andy_bernard;angela_martin;creed_bratton;erin_hannon;kevin_malone;meredith_palmer;nellie_bertram;oscar_martinez;pam_beesly;phyllis_vance;stanley_hudson;toby_flenderson
3c31c2ec__6155a154-235.jpg,erin_hannon;kelly_kapoor;others
3d301663__1639ac5d-287.jpg,creed_bratton;phyllis_vance
3dff1e31__2df4f805-164.jpg,ryan_howard
3e35f913__48f212ea-246.jpg,kevin_malone
3eba5526__b440b18c-226.jpg,creed_bratton;dwight_schrute;meredith_palmer;phyllis_vance;stanley_hudson;toby_flenderson
3edcbcbc__2781836d-63.jpg,jim_halpert
400698ce__b202579d-314.jpg,erin_hannon;toby_flenderson
4008a997__0c50617c-177.jpg,kelly_kapoor;ryan_howard
40e1b9ed__d2294176-251.jpg,angela_martin;kevin_malone
40f18b1e__4551c400-200.jpg,andy_bernard;creed_bratton;darryl_philbin;dwight_schrute;erin_hannon;jim_halpert;meredith_palmer;oscar_martinez;pam_beesly;phyllis_vance;stanley_hudson
413cd906__65383987-104.jpg,creed_bratton;oscar_martinez;others
42456999__b73ecd9f-379.jpg,angela_martin;creed_bratton;kevin_malone;meredith_palmer;oscar_martinez
42c89304__a4511772-28.jpg,pam_beesly
434adb8d__48c101a1-210.jpg,darryl_philbin;stanley_hudson;toby_flenderson
445acab0__7de48517-4.jpg,dwight_schrute;jim_halpert;michael_scott;pam_beesly;ryan_howard
44a1509f__c4749c8a-415.jpg,kelly_kapoor;michael_scott;others;stanley_hudson
45125467__f98ad32c-47.jpg,jim_halpert;nellie_bertram;others;toby_flenderson
4567b58b__cd5268a6-347.jpg,phyllis_vance
45c7e280__dbe7f3b8-9.jpg,angela_martin;creed_bratton;dwight_schrute;jim_halpert;kelly_kapoor;kevin_malone;meredith_palmer;michael_scott;oscar_martinez;others;pam_beesly;phyllis_vance;ryan_howard;stanley_hudson;toby_flenderson
45cf1a7f__15acaafb-437.jpg,andy_bernard;creed_bratton;jim_halpert;kevin_malone;meredith_palmer;phyllis_vance
45da90bf__b3047872-321.jpg,phyllis_vance
46aba058__17928f27-324.jpg,phyllis_vance
48f91b05__a78030dd-378.jpg,creed_bratton;kevin_malone;meredith_palmer;oscar_martinez
4a6eec07__b21cf4a3-16.jpg,creed_bratton
4ba6bfb5__2808b171-45.jpg,oscar_martinez;others;pam_beesly
4bbd9840__d0a955bd-132.jpg,michael_scott;pam_beesly
4bc0d8a8__a6b6bce7-459.jpg,darryl_philbin;kevin_malone;nellie_bertram;toby_flenderson
4c19188d__733fa06a-484.jpg,andy_bernard;angela_martin;creed_bratton;erin_hannon;kevin_malone;meredith_palmer;nellie_bertram;oscar_martinez;others;pam_beesly;phyllis_vance;toby_flenderson
4c3c7b28__2544b341-7.jpg,michael_scott;others
4c898bbf__674644c1-339.jpg,darryl_philbin;phyllis_vance
4cbefa0d__bb1c2625-429.jpg,angela_martin;ryan_howard
4d2c72dd__7ed73692-181.jpg,jim_halpert;kevin_malone;oscar_martinez;pam_beesly
4e8e74c9__7b07c304-17.jpg,andy_bernard;angela_martin;creed_bratton;kevin_malone;oscar_martinez;others;pam_beesly;phyllis_vance;stanley_hudson;toby_flenderson
4f53ac5f__2932fcb0-244.jpg,angela_martin;michael_scott;others;phyllis_vance
4f7635f8__6000da9f-91.jpg,dwight_schrute
5022ac5c__08e4d112-486.jpg,creed_bratton;nellie_bertram;oscar_martinez
51958163__54cde112-113.jpg,creed_bratton;stanley_hudson;toby_flenderson
52e8438e__3ea3076a-353.jpg,angela_martin;ryan_howard
53f5d87f__aba45f28-299.jpg,erin_hannon;oscar_martinez;pam_beesly
56f02199__afb23850-344.jpg,angela_martin;pam_beesly
5816da53__49961c28-250.jpg,darryl_philbin;meredith_palmer;phyllis_vance
589793a5__a445b1d8-350.jpg,phyllis_vance
58a9028c__1693c76d-121.jpg,toby_flenderson
58c22894__f5644156-451.jpg,kelly_kapoor
58ca0ca7__7d341445-135.jpg,meredith_palmer
58d2fa53__800e2a3b-289.jpg,darryl_philbin;dwight_schrute;michael_scott;oscar_martinez;ryan_howard;stanley_hudson
5930bcaa__53821cef-456.jpg,meredith_palmer;oscar_martinez
59784950__97bc75d8-86.jpg,kevin_malone;pam_beesly;phyllis_vance
5a78ae19__69a90d52-172.jpg,ryan_howard
5ac1dcc0__9253eeb0-252.jpg,angela_martin;creed_bratton;kevin_malone;oscar_martinez
5bb760a9__d8c0a1a9-199.jpg,toby_flenderson
5c5d0c9b__e728e030-358.jpg,dwight_schrute;jim_halpert;michael_scott;pam_beesly;ryan_howard
5c7bf7af__3e577bc0-359.jpg,angela_martin;michael_scott
5c81cc14__4473f8e2-303.jpg,erin_hannon
5cd659cb__320b0c29-129.jpg,meredith_palmer
5cf9cd63__7468a402-475.jpg,nellie_bertram;others;stanley_hudson
5d54f95b__c7cee4ac-465.jpg,nellie_bertram
5d6f45b6__a62315d6-97.jpg,creed_bratton;kelly_kapoor;kevin_malone
5e2f9bee__3c0e8028-316.jpg,dwight_schrute;erin_hannon;jim_halpert;meredith_palmer;oscar_martinez;pam_beesly;toby_flenderson
5ea9c341__ec0e9757-259.jpg,kevin_malone
5fbaaf35__3973b104-374.jpg,angela_martin
5fbcad2d__90f5f44b-323.jpg,angela_martin;michael_scott;phyllis_vance
60473579__0eb420ba-60..jpg,kevin_malone;pam_beesly;toby_flenderson
605f0c0b__46a05f2a-186.jpg,dwight_schrute;jim_halpert;meredith_palmer;phyllis_vance;stanley_hudson
61134e36__5539c8be-460.jpg,darryl_philbin;jim_halpert
614c0aed__5c4cda62-37.jpg,dwight_schrute
6198fa35__0852a8bb-183.jpg,andy_bernard;angela_martin;jim_halpert;kelly_kapoor;phyllis_vance;stanley_hudson
61a3c544__d3750151-150.jpg,creed_bratton;meredith_palmer
61c32e34__36830150-454.jpg,angela_martin;jim_halpert;kelly_kapoor;oscar_martinez;others
630abd10__8d9ff871-202.jpg,dwight_schrute
63709dc8__8758cf30-24.jpg,jim_halpert;michael_scott;others
639f251a__373f2934-337.jpg,oscar_martinez;stanley_hudson
63bfd7f8__61e7de9a-110.jpg,meredith_palmer;ryan_howard
641085ad__0fda2bc4-325.jpg,phyllis_vance;ryan_howard
6470c058__e5c8a82b-386.jpg,dwight_schrute;michael_scott;others
64a78694__4d0cba2d-108.jpg,creed_bratton;nellie_bertram;oscar_martinez
64b5357b__514a58af-317.jpg,andy_bernard;darryl_philbin;dwight_schrute;kevin_malone
67442852__987cadc2-443.jpg,kelly_kapoor
67b48939__7b2e2aed-230.jpg,toby_flenderson
67d9a670__04d79a7b-128.jpg,meredith_palmer;oscar_martinez
69150cdc__4c3d70d5-93.jpg,andy_bernard;angela_martin;creed_bratton;darryl_philbin;kelly_kapoor;kevin_malone;meredith_palmer;oscar_martinez;pam_beesly;phyllis_vance
69822fbe__39747dba-112.jpg,creed_bratton;jim_halpert;pam_beesly
69901f86__b862ffd6-71.jpg,creed_bratton
6a7e223a__2c454257-83.jpg,meredith_palmer
6ad71b88__93fe6ce6-376.jpg,creed_bratton;oscar_martinez
6af1e8b1__84288ea0-169.jpg,kelly_kapoor
6afe410f__0c1f6a2c-140.jpg,meredith_palmer
6b71b5d9__b79d2d4f-492.jpg,andy_bernard;erin_hannon;others
6b75ef09__13218f09-11.jpg,kelly_kapoor
6c5c14e3__f743085e-313.jpg,erin_hannon
6ca24a86__119bdc83-311.jpg,angela_martin;pam_beesly
6cf57498__13611bd3-130.jpg,darryl_philbin;dwight_schrute;meredith_palmer;michael_scott
6d3ccbcc__49dcb314-120.jpg,andy_bernard;meredith_palmer;michael_scott;oscar_martinez;stanley_hudson
6da55d13__ca361361-377.jpg,angela_martin
6defc892__cf31dcba-442.jpg,kelly_kapoor
6e5e3019__a9a40291-82.jpg,jim_halpert;kevin_malone;michael_scott;pam_beesly;phyllis_vance;stanley_hudson
6ebc457a__68db20c0-75.jpg,andy_bernard;angela_martin;erin_hannon;jim_halpert;kevin_malone;oscar_martinez;others;pam_beesly;phyllis_vance;stanley_hudson
6f14aa6c__9415b885-195.jpg,kelly_kapoor;others;ryan_howard
6f1f6da8__93b2f965-41.jpg,andy_bernard;erin_hannon
6f51c8ba__d1456384-305.jpg,angela_martin
6fc84497__42c228d2-95.jpg,dwight_schrute;michael_scott
6fe80a20__2e6f5683-333.jpg,oscar_martinez
70355820__ffad7f37-176.jpg,kevin_malone;ryan_howard;stanley_hudson
70684045__23bf9d0c-307.jpg,erin_hannon
71aa86d4__341c2e18-134.jpg,meredith_palmer
72cc6c3a__2992a4b8-424.jpg,dwight_schrute;stanley_hudson
736da6d3__2f02d160-160.jpg,meredith_palmer;michael_scott
751e9c4e__94720fc3-77.jpg,meredith_palmer;oscar_martinez;others
7532aba7__5ab14f24-285.jpg,angela_martin
758c3a59__03ac6d98-248.jpg,angela_martin
75fc1dab__56103f96-399.jpg,jim_halpert
769bbb0c__8caa8e2c-319.jpg,erin_hannon;meredith_palmer;oscar_martinez;toby_flenderson
7765120f__85fdbe68-179.jpg,michael_scott;ryan_howard
77ffc0dd__100c3747-94.jpg,toby_flenderson
78516b4f__ce2a67f5-370.jpg,angela_martin;dwight_schrute;kelly_kapoor;oscar_martinez;ryan_howard
787d2149__1555a7fd-44.jpg,andy_bernard;angela_martin;michael_scott;others
789802d3__aff9de85-225.jpg,creed_bratton;jim_halpert;meredith_palmer;oscar_martinez;others;pam_beesly
790cce1d__4b895b5a-180.jpg,andy_bernard;angela_martin
7971eb92__141ba95e-171.jpg,ryan_howard
79f81714__76d185a1-343.jpg,others;pam_beesly
7c436870__918d54a6-352.jpg,ryan_howard
7ce3897d__dbd7a0f8-258.jpg,kevin_malone
7d00e26b__49670a49-79.jpg,andy_bernard;angela_martin
7d2c1fec__15d97ae6-227.jpg,jim_halpert;pam_beesly
7d345377__656ef1d0-241.jpg,kevin_malone
7d87eec3__9c9c9a2b-228.jpg,darryl_philbin;kevin_malone;others
7d959f73__fd3f3da5-229.jpg,toby_flenderson
7d9a27d5__19bbbae5-393.jpg,dwight_schrute;meredith_palmer
7da351a0__129415f7-27.jpg,jim_halpert;others
7ea2aa70__24dfe3b4-25.jpg,andy_bernard;others
7ed86923__bb4b95ef-276.jpg,kevin_malone;phyllis_vance;stanley_hudson
7fa61a51__ceadb717-351.jpg,dwight_schrute;jim_halpert;michael_scott;pam_beesly
7fe7abfe__d31c08c0-166.jpg,andy_bernard;meredith_palmer
805d11b0__ffc1e161-223.jpg,others;stanley_hudson;toby_flenderson
808aba65__d1eb8802-362.jpg,angela_martin
80efe94a__a1552799-391.jpg,dwight_schrute
81a0d388__21261007-463.jpg,nellie_bertram
822fb4b4__6b0dcd01-78.jpg,jim_halpert;pam_beesly
82588341__6e30a017-15.jpg,andy_bernard
825e515d__a5c2ff6f-115.jpg,darryl_philbin;erin_hannon;jim_halpert;pam_beesly;toby_flenderson
83219d22__d9b47997-405.jpg,dwight_schrute
83228af9__327eb48a-408.jpg,andy_bernard;angela_martin;creed_bratton;dwight_schrute;jim_halpert;kelly_kapoor;kevin_malone;meredith_palmer;oscar_martinez;pam_beesly;phyllis_vance;stanley_hudson
8366046a__0f47e3cc-384.jpg,angela_martin;creed_bratton;meredith_palmer
836ebdaf__9aa23cd5-420.jpg,stanley_hudson
838360f4__7337d8a7-141.jpg,angela_martin
83db3ee3__9943b156-446.jpg,kelly_kapoor;pam_beesly
84436ea6__5cadd8d0-462.jpg,nellie_bertram
8446f500__b8e4df4b-480.jpg,erin_hannon;kevin_malone;oscar_martinez;toby_flenderson
849300c9__b9e480b2-315.jpg,erin_hannon
84e36cb2__54bb5c55-409.jpg,kevin_malone;michael_scott
8585d3f1__7cbc9229-224.jpg,kevin_malone;others;stanley_hudson;toby_flenderson
85a18222__6318ac29-416.jpg,kelly_kapoor;michael_scott;others;stanley_hudson
85e54de7__a9657e20-387.jpg,jim_halpert
861810eb__4d212147-54.jpg,darryl_philbin;kelly_kapoor;michael_scott
872536e7__a891eb33-464.jpg,dwight_schrute;jim_halpert;others;ryan_howard
87e4d947__25783464-280.jpg,andy_bernard;erin_hannon
8a101de4__54e51b0e-239.jpg,others;toby_flenderson
8a1220cf__9d1663c3-197.jpg,darryl_philbin;others
8a45619d__c3617a05-161.jpg,andy_bernard;stanley_hudson
8aa783ff__f27b21c8-267.jpg,dwight_schrute
8b0f3fe6__c3b587e3-119.jpg,angela_martin
8b1c9422__330632a3-30.jpg,angela_martin;creed_bratton;dwight_schrute;kelly_kapoor;kevin_malone;meredith_palmer;oscar_martinez;others;phyllis_vance;ryan_howard;stanley_hudson;toby_flenderson
8bed8997__b2764577-448.jpg,ryan_howard
8c4dee03__aca7675f-118.jpg,phyllis_vance
8d4aba0d__5d97583d-263.jpg,dwight_schrute;phyllis_vance
8e33c2d7__5dcc8bc5-477.jpg,nellie_bertram
8e484315__67f02436-96.jpg,phyllis_vance
8e938dd4__123237a1-190.jpg,michael_scott;ryan_howard
8e93d046__82ac6099-332.jpg,angela_martin;kevin_malone;oscar_martinez
8ecc1b39__ec25951d-255.jpg,dwight_schrute;michael_scott;others
8f460bbc__619ab4ad-213.jpg,toby_flenderson
8f4c4b36__8413e912-215.jpg,ryan_howard
903a8c17__6f763f87-254.jpg,angela_martin;creed_bratton;jim_halpert
9111dc59__d6fc2c0e-206.jpg,michael_scott;toby_flenderson
912700ff__da937eaa-341.jpg,phyllis_vance
912bc17f__bd645f98-69.jpg,creed_bratton;michael_scott
9166ffd0__725060e2-64.jpg,creed_bratton
91ba7707__0de68b12-419.jpg,stanley_hudson
92f2626b__ce32aef8-53.jpg,darryl_philbin;michael_scott;pam_beesly
934ee950__fc05f019-62.jpg,jim_halpert;kevin_malone;oscar_martinez;others;ryan_howard;toby_flenderson
93b31fdd__40b174ad-65.jpg,jim_halpert;kevin_malone;oscar_martinez
93d506dd__ade41beb-361.jpg,angela_martin;kelly_kapoor;oscar_martinez;pam_beesly;toby_flenderson
95ba23fa__0213d9f4-272.jpg,kelly_kapoor
98421204__df6a9b7b-72.jpg,jim_halpert
9a24f93f__8be7e633-46.jpg,angela_martin;phyllis_vance
9b70c6a4__0fb98b8d-36.jpg,kevin_malone;michael_scott;others
9ba2c3fa__1e79ed9f-217.jpg,jim_halpert;pam_beesly;toby_flenderson
9c5d1499__891b75cf-61.jpg,creed_bratton
9d2f788e__1cff7d92-404.jpg,dwight_schrute
9d364243__ef00510f-100.jpg,creed_bratton;michael_scott
9da3284a__17d48ee1-282.jpg,erin_hannon;kevin_malone
9da93d74__20eaf478-39.jpg,andy_bernard;creed_bratton;dwight_schrute;jim_halpert;kevin_malone;meredith_palmer;pam_beesly
9df4092a__b5f1e104-274.jpg,angela_martin
9e267ad8__230e6abd-293.jpg,darryl_philbin
9e9e86d1__595c98bf-125.jpg,angela_martin
9ea13a05__0031dcb8-191.jpg,dwight_schrute;ryan_howard
9ed9e492__845fc0bb-452.jpg,andy_bernard;kelly_kapoor
9edc3750__2fed934c-55.jpg,kelly_kapoor
9efbb446__8438e65b-131.jpg,angela_martin;phyllis_vance;ryan_howard
9f37402f__96f5784e-496.jpg,andy_bernard;erin_hannon
9fa2c859__bf1f61a3-192.jpg,pam_beesly
9fbc6675__afedd344-401.jpg,dwight_schrute;jim_halpert
a06806a4__151d4ad4-87.jpg,kevin_malone;meredith_palmer
a173ce0b__7d24ba29-173.jpg,ryan_howard
a1cacac5__3623f3b6-488.jpg,andy_bernard;erin_hannon;kelly_kapoor
a1cff313__4ab2bb40-312.jpg,erin_hannon
a1df8685__1d55ee49-428.jpg,stanley_hudson
a3b0c727__b0f047cb-277.jpg,dwight_schrute
a3fa5e07__88e2ef26-375.jpg,creed_bratton;kevin_malone;meredith_palmer;oscar_martinez
a4e6ba8b__52ad599f-336.jpg,darryl_philbin;meredith_palmer;oscar_martinez;pam_beesly
a57bb9ce__25c6b407-170.jpg,ryan_howard
a5b3e17b__5a21d89a-413.jpg,michael_scott;others;stanley_hudson
a671081f__2ff6c67f-395.jpg,stanley_hudson
a6f90ccb__d20f524f-487.jpg,erin_hannon;jim_halpert;kelly_kapoor;meredith_palmer;ryan_howard;stanley_hudson
a7d4454e__41a2ab18-348.jpg,andy_bernard
a85b50c4__861be215-76.jpg,creed_bratton
a88c0619__30551044-68.jpg,creed_bratton
a8cbdaa5__1b8608ab-90.jpg,angela_martin;creed_bratton;kevin_malone;michael_scott;others;phyllis_vance
a8ef12f7__f950b956-149.jpg,dwight_schrute
a9c15f30__05090589-178.jpg,pam_beesly;ryan_howard
aaac0ba8__1fe8c77c-184.jpg,angela_martin;stanley_hudson;toby_flenderson
aad9926d__9a5ead0f-345.jpg,andy_bernard
abdde261__a5f43e2a-6.jpg,ryan_howard
ac734a37__1ae836e8-412.jpg,jim_halpert;stanley_hudson;toby_flenderson
ac889bdc__da02db7f-468.jpg,nellie_bertram;pam_beesly
ad23bb07__426d16a0-145.jpg,meredith_palmer
ad96bbf7__b57fca32-222.jpg,kevin_malone;toby_flenderson
ae0fdc27__116fd310-38.jpg,jim_halpert
ae28a9fe__5e3154d6-458.jpg,kelly_kapoor
aeb1f593__138251b7-373.jpg,kelly_kapoor
af3dc8cf__df56fd34-232.jpg,pam_beesly
af53450c__778e10d8-478.jpg,angela_martin;dwight_schrute;erin_hannon;jim_halpert;kevin_malone;meredith_palmer;nellie_bertram;oscar_martinez;others;pam_beesly
af969983__266d8049-423.jpg,creed_bratton;dwight_schrute
afe4253a__19cfe199-107.jpg,nellie_bertram;others;phyllis_vance
b0bdc6b4__e503865d-302.jpg,erin_hannon;oscar_martinez;pam_beesly
b120c3a9__6f383614-402.jpg,angela_martin;meredith_palmer;others
b196c45e__ca86bc68-156.jpg,dwight_schrute;meredith_palmer
b1bc03cc__acb571da-425.jpg,ryan_howard;stanley_hudson
b20e77a5__68ff2a49-275.jpg,angela_martin;pam_beesly;stanley_hudson
b3bf904c__bf675ed4-392.jpg,phyllis_vance
b492f438__302c06ba-331.jpg,dwight_schrute
b540b539__c08dac5e-268.jpg,kevin_malone;oscar_martinez
b67a985d__0601ce5f-261.jpg,kevin_malone
b6d5eb96__86b18820-450.jpg,kelly_kapoor;ryan_howard
b715a457__b2722627-297.jpg,erin_hannon
b77cbfd4__65d2d5ff-322.jpg,michael_scott;phyllis_vance
b7c55931__7b6a6390-357.jpg,angela_martin
b8749df6__146b4728-334.jpg,darryl_philbin;phyllis_vance
b9328c69__6ccf8418-389.jpg,pam_beesly;toby_flenderson
b972d480__4594b3c4-444.jpg,jim_halpert;kelly_kapoor
b98ef0dc__c347fcf8-439.jpg,angela_martin;dwight_schrute;kelly_kapoor;oscar_martinez;ryan_howard
b9f0a968__8f2d46bb-117.jpg,jim_halpert;kevin_malone;toby_flenderson
ba26ddf0__19536b29-398.jpg,dwight_schrute
ba3473fe__db4179c7-473.jpg,erin_hannon;kelly_kapoor
baaf862d__1762fba7-34.jpg,michael_scott
bacdb964__e14a2415-155.jpg,pam_beesly;stanley_hudson
bce35b92__0cc60f94-388.jpg,dwight_schrute
bd352146__2d19f75d-234.jpg,michael_scott;others;toby_flenderson
bdbb09f2__a4990205-73.jpg,meredith_palmer
bdd7003b__c1d897dc-266.jpg,kevin_malone;oscar_martinez
be898455__479a8588-381.jpg,angela_martin;creed_bratton;kevin_malone;meredith_palmer;oscar_martinez
be95417a__2c0438a9-123.jpg,erin_hannon;pam_beesly
bf969315__f578c7fb-85.jpg,angela_martin;creed_bratton;jim_halpert;kevin_malone;meredith_palmer;michael_scott;pam_beesly;phyllis_vance;stanley_hudson
bfb0fbdd__d24696f4-414.jpg,stanley_hudson
bfc17eab__fa40a72c-434.jpg,oscar_martinez;phyllis_vance;stanley_hudson
c034d225__9d000935-220.jpg,angela_martin
c10dd107__bfe163fb-360.jpg,angela_martin
c1549f5b__7743e87c-473.jpg,nellie_bertram;others
c1a0903d__51d288f1-136.jpg,kevin_malone
c1be7388__b8110ed0-167.jpg,erin_hannon
c3b80f2f__56e0b505-12.jpg,kevin_malone
c3c1e95f__0e94db9f-449.jpg,toby_flenderson
c3e945cc__e7abebf4-453.jpg,dwight_schrute;michael_scott;ryan_howard
c466e35d__a53522d9-13.jpg,kevin_malone;michael_scott
c4be2f10__121c9300-482.jpg,michael_scott;nellie_bertram
c4c29a9a__d5ca9d6d-320.jpg,erin_hannon
c53bdc16__b1c0fd3f-498.jpg,dwight_schrute;erin_hannon;pam_beesly
c636bed2__563b25a2-438.jpg,dwight_schrute;erin_hannon;michael_scott
c64673f1__97cc9344-67.jpg,creed_bratton
c68537a1__c9e8b5f0-33.jpg,darryl_philbin
c6d45973__d7523ff6-139.jpg,angela_martin;jim_halpert
c734fba7__bf815b49-495.jpg,andy_bernard;erin_hannon;others
c93195f6__eea15a1d-80.jpg,stanley_hudson
c997211d__3804d23c-240.jpg,kevin_malone
ca7267ab__1d59c1d1-247.jpg,darryl_philbin;meredith_palmer;oscar_martinez;phyllis_vance
cb313e23__9b453a19-50.jpg,darryl_philbin;michael_scott
cc0dae28__59693edd-168.jpg,erin_hannon;kevin_malone;nellie_bertram;others;pam_beesly;phyllis_vance;stanley_hudson
cc7be88a__72551510-278.jpg,erin_hannon
cccf756d__4b87a7df-29.jpg,kevin_malone;oscar_martinez;others;pam_beesly
ccd28e0c__e6b3376e-326.jpg,phyllis_vance
cd902ae2__87932bac-262.jpg,angela_martin
cdcf090d__18f44cae-435.jpg,andy_bernard;jim_halpert;stanley_hudson
cdffe5b9__44d95e74-372.jpg,kelly_kapoor;ryan_howard
ce14fa63__2147babc-396.jpg,erin_hannon
cf95e9d6__99f03973-221.jpg,toby_flenderson
cfb031f5__75a3b430-281.jpg,andy_bernard
d019c95e__b9fcde70-476.jpg,nellie_bertram
d0209d77__ed62d694-273.jpg,angela_martin;kevin_malone;oscar_martinez
d06f967a__f5546c81-31.jpg,jim_halpert;others;pam_beesly
d0e0438f__fa420459-304.jpg,darryl_philbin;pam_beesly
d145537d__384b1d62-483.jpg,nellie_bertram
d1652fb8__60921a52-284.jpg,andy_bernard;angela_martin;creed_bratton;kevin_malone;meredith_palmer;oscar_martinez;phyllis_vance
d173a33e__ff298862-494.jpg,erin_hannon;kelly_kapoor
d19d878e__f3099c42-430.jpg,pam_beesly;phyllis_vance
d1e256cd__1725bda2-249.jpg,kevin_malone;oscar_martinez
d2a2eb37__981becc7-264.jpg,angela_martin;kevin_malone;oscar_martinez
d2f39c42__7824cb69-174.jpg,kevin_malone
d3413d04__471877ce-165.jpg,andy_bernard;meredith_palmer
d366339e__63180d3d-367.jpg,pam_beesly
d40daff4__028db4d9-466.jpg,dwight_schrute;jim_halpert;others
d45f5202__48ef47c3-363.jpg,angela_martin
d4b54104__52550835-109.jpg,creed_bratton;darryl_philbin;meredith_palmer;pam_beesly
d570313f__6def4131-193.jpg,phyllis_vance
d691acb0__eafa78d5-92.jpg,dwight_schrute
d6bdd645__1517b30a-365.jpg,angela_martin;dwight_schrute;others
d7099132__c814692d-411.jpg,dwight_schrute;jim_halpert;meredith_palmer;pam_beesly;stanley_hudson;toby_flenderson
d715cf17__606e20b7-383.jpg,oscar_martinez
d799ba4d__04542590-470.jpg,nellie_bertram
d79f1dd8__07238427-472.jpg,nellie_bertram;others
d7c5121c__390458c0-461.jpg,stanley_hudson;toby_flenderson
d8438117__515f8eb8-137.jpg,dwight_schrute;michael_scott;ryan_howard
d84849ca__945d8843-151.jpg,meredith_palmer
d863bd53__d35540ba-66.jpg,jim_halpert
d886da59__5be1712a-138.jpg,jim_halpert
d90aaf21__f838c69b-212.jpg,jim_halpert;pam_beesly
d9d0e2bf__d787ee1f-294.jpg,erin_hannon
d9f88463__673de848-18.jpg,others;pam_beesly
da1e094c__90a9ad6e-237.jpg,dwight_schrute
da492673__a64b276d-489.jpg,erin_hannon
db84430e__0b16fed8-417.jpg,others;phyllis_vance
dbb55adf__384da7bc-187.jpg,oscar_martinez
dc48b849__6f179e43-474.jpg,meredith_palmer;toby_flenderson
dca7e57a__cfebb407-327.jpg,phyllis_vance;stanley_hudson
dced2f08__e3560294-355.jpg,angela_martin
dd1f9d24__9f175f1d-475.jpg,nellie_bertram
dd81ecbc__0a4773e4-479.jpg,angela_martin;creed_bratton;dwight_schrute;jim_halpert;meredith_palmer;nellie_bertram;pam_beesly;phyllis_vance;stanley_hudson
dd9f04ff__3265c5fa-111.jpg,ryan_howard
ddc59543__b09fd97a-40.jpg,kelly_kapoor
de0756db__bfe90357-116.jpg,andy_bernard;angela_martin;dwight_schrute;erin_hannon;kevin_malone;meredith_palmer;oscar_martinez;others;pam_beesly;phyllis_vance
dfb52228__a2888e0e-21.jpg,dwight_schrute;jim_halpert
dfca2378__8ee49ed0-189.jpg,kevin_malone;michael_scott;ryan_howard
e07cc867__3c8248ef-447.jpg,kelly_kapoor;stanley_hudson
e0ab5221__eaf44ff9-163.jpg,dwight_schrute;oscar_martinez
e0eacfd8__74dcc6cc-300.jpg,erin_hannon;oscar_martinez
e256b960__f845db62-142.jpg,meredith_palmer
e361d894__8fa818e7-476.jpg,nellie_bertram
e3652bc0__a322a75f-182.jpg,kevin_malone;pam_beesly
e3989ede__a71e3373-153.jpg,meredith_palmer
e3df24a7__a2edf447-26.jpg,stanley_hudson
e3eee2de__99b6658a-236.jpg,andy_bernard
e42c0400__007440c8-432.jpg,others;stanley_hudson
e5f57380__85ce8e71-70.jpg,angela_martin;kevin_malone;phyllis_vance
e6fa12b8__e2187af5-196.jpg,kelly_kapoor;others;ryan_howard
e70bc549__0b1f8d49-455.jpg,kevin_malone;oscar_martinez
e7968616__6988f049-301.jpg,erin_hannon;oscar_martinez;pam_beesly
e7c0429b__6f0a86e2-159.jpg,michael_scott
eab9f472__97d68710-422.jpg,stanley_hudson
eb055e8d__37202d84-245.jpg,dwight_schrute;kevin_malone;others
eb341d42__02854ec2-231.jpg,toby_flenderson
ebf8df57__be40ab12-143.jpg,dwight_schrute;kelly_kapoor;meredith_palmer;oscar_martinez;phyllis_vance;toby_flenderson
ecc3d2d9__7f08dce8-49.jpg,darryl_philbin;dwight_schrute
ed402857__21127410-335.jpg,darryl_philbin;meredith_palmer
ed4fd887__cc622572-328.jpg,angela_martin;phyllis_vance
ee024372__52f71e1f-105.jpg,michael_scott
ee2832f8__373440b6-52.jpg,darryl_philbin;kelly_kapoor;stanley_hudson
eea862a9__ccb7740b-356.jpg,phyllis_vance
eed5ef4b__8d14d246-5.jpg,andy_bernard;darryl_philbin;dwight_schrute;jim_halpert;michael_scott;pam_beesly
efef2989__d41629db-256.jpg,angela_martin;darryl_philbin;jim_halpert;kelly_kapoor;kevin_malone;michael_scott;oscar_martinez;pam_beesly;ryan_howard
f09e6405__6fc0d181-59.jpg,michael_scott;others
f0b1939d__70650cfe-22.jpg,kevin_malone
f1dc6c23__d7415553-340.jpg,phyllis_vance
f2c6b1b5__f47a092d-158.jpg,andy_bernard
f326084a__55fb2696-441.jpg,jim_halpert;kelly_kapoor;meredith_palmer;others
f370a2fe__6495b0b1-81.jpg,creed_bratton
f3d1e35d__d71bfda8-133.jpg,kelly_kapoor
f41aed88__baa4f1e2-296.jpg,erin_hannon
f46b171b__6f42a8b1-48.jpg,darryl_philbin
f683f219__fc83f843-216.jpg,toby_flenderson
f725fb6a__8652f6c8-243.jpg,jim_halpert;pam_beesly
f90df2ba__583f9f68-397.jpg,angela_martin
f94929ad__7010fa8f-102.jpg,stanley_hudson
f9a54f07__41cf2f9e-205.jpg,oscar_martinez;toby_flenderson
fa03f595__4cebeaa8-57.jpg,dwight_schrute;jim_halpert;pam_beesly
fb7aa6d1__d7f0d0dc-493.jpg,erin_hannon;kevin_malone;others
fc13317a__c9ab6f6c-257.jpg,jim_halpert;pam_beesly
fc9abe8c__a5c7e945-500.jpg,andy_bernard;erin_hannon
fccf233e__86e3c54c-185.jpg,creed_bratton;meredith_palmer;pam_beesly
fd409e5b__00164fe3-292.jpg,erin_hannon
fe21d6ee__f03f9669-433.jpg,stanley_hudson
fe220476__76b3d16b-390.jpg,dwight_schrute
febbd694__021213c3-491.jpg,andy_bernard;erin_hannon
ffa84ebd__618faa89-309.jpg,andy_bernard;darryl_philbin;kelly_kapoor;kevin_malone;meredith_palmer;oscar_martinez;phyllis_vance;ryan_howard
ffd17812__b700eb0a-445.jpg,kelly_kapoor
